hrs	 time	 fatigue
0	 19.7829	 3.5
0.0625	 19.7904	 3.49688
0.125	 19.7979	 3.49375
0.1875	 19.8054	 3.49062
0.25	 19.8129	 3.4875
0.3125	 19.8204	 3.48438
0.375	 19.8278	 3.48125
0.4375	 19.8353	 3.47813
0.5	 19.8428	 3.475
0.5625	 19.8503	 3.47187
0.625	 19.8578	 3.46875
0.6875	 19.8652	 3.46563
0.75	 19.8727	 3.4625
0.8125	 19.8802	 3.45938
0.875	 19.8877	 3.45625
0.9375	 19.8952	 3.45312
1	 19.9026	 3.45
1.0625	 19.9101	 3.44688
1.125	 19.9176	 3.44375
1.1875	 19.925	 3.44062
1.25	 19.9325	 3.4375
1.3125	 19.94	 3.43438
1.375	 19.9474	 3.43125
1.4375	 19.9549	 3.42812
1.5	 19.9624	 3.425
1.5625	 19.9698	 3.42188
1.625	 19.9773	 3.41875
1.6875	 19.9848	 3.41562
1.75	 19.9922	 3.4125
1.8125	 19.9997	 3.40937
1.875	 20.0071	 3.40625
1.9375	 20.0146	 3.40313
2	 20.0221	 3.4
2.0625	 20.0226	 3.40313
2.125	 20.0231	 3.40625
2.1875	 20.0237	 3.40937
2.25	 20.0242	 3.4125
2.3125	 20.0247	 3.41562
2.375	 20.0252	 3.41875
2.4375	 20.0257	 3.42188
2.5	 20.0261	 3.425
2.5625	 20.0266	 3.42812
2.625	 20.0271	 3.43125
2.6875	 20.0275	 3.43438
2.75	 20.028	 3.4375
2.8125	 20.0284	 3.44062
2.875	 20.0288	 3.44375
2.9375	 20.0293	 3.44688
3	 20.0297	 3.45
3.0625	 20.0301	 3.45312
3.125	 20.0305	 3.45625
3.1875	 20.0309	 3.45938
3.25	 20.0312	 3.4625
3.3125	 20.0316	 3.46563
3.375	 20.032	 3.46875
3.4375	 20.0323	 3.47187
3.5	 20.0327	 3.475
3.5625	 20.033	 3.47813
3.625	 20.0333	 3.48125
3.6875	 20.0336	 3.48438
3.75	 20.034	 3.4875
3.8125	 20.0343	 3.49062
3.875	 20.0346	 3.49375
3.9375	 20.0348	 3.49688
4	 20.0351	 3.5
4.0625	 20.0562	 3.48438
4.125	 20.0774	 3.46875
4.1875	 20.0986	 3.45312
4.25	 20.1199	 3.4375
4.3125	 20.1412	 3.42188
4.375	 20.1626	 3.40625
4.4375	 20.1841	 3.39062
4.5	 20.2056	 3.375
4.5625	 20.2272	 3.35938
4.625	 20.2489	 3.34375
4.6875	 20.2707	 3.32812
4.75	 20.2926	 3.3125
4.8125	 20.3145	 3.29688
4.875	 20.3365	 3.28125
4.9375	 20.3586	 3.26562
5	 20.3807	 3.25
5.0625	 20.403	 3.23438
5.125	 20.4253	 3.21875
5.1875	 20.4477	 3.20312
5.25	 20.4702	 3.1875
5.3125	 20.4928	 3.17188
5.375	 20.5155	 3.15625
5.4375	 20.5383	 3.14062
5.5	 20.5612	 3.125
5.5625	 20.5842	 3.10938
5.625	 20.6073	 3.09375
5.6875	 20.6305	 3.07812
5.75	 20.6538	 3.0625
5.8125	 20.6772	 3.04688
5.875	 20.7008	 3.03125
5.9375	 20.7244	 3.01562
6	 20.7482	 3
6.0625	 20.7205	 3.025
6.125	 20.693	 3.05
6.1875	 20.6656	 3.075
6.25	 20.6385	 3.1
6.3125	 20.6114	 3.125
6.375	 20.5845	 3.15
6.4375	 20.5578	 3.175
6.5	 20.5312	 3.2
6.5625	 20.5047	 3.225
6.625	 20.4783	 3.25
6.6875	 20.4521	 3.275
6.75	 20.426	 3.3
6.8125	 20.4001	 3.325
6.875	 20.3742	 3.35
6.9375	 20.3485	 3.375
7	 20.3229	 3.4
7.0625	 20.2974	 3.425
7.125	 20.272	 3.45
7.1875	 20.2467	 3.475
7.25	 20.2215	 3.5
7.3125	 20.1964	 3.525
7.375	 20.1714	 3.55
7.4375	 20.1465	 3.575
7.5	 20.1217	 3.6
7.5625	 20.097	 3.625
7.625	 20.0724	 3.65
7.6875	 20.0479	 3.675
7.75	 20.0235	 3.7
7.8125	 19.9991	 3.725
7.875	 19.9748	 3.75
7.9375	 19.9506	 3.775
8	 19.9265	 3.8
8.0625	 19.9229	 3.80625
8.125	 19.9193	 3.8125
8.1875	 19.9156	 3.81875
8.25	 19.912	 3.825
8.3125	 19.9084	 3.83125
8.375	 19.9047	 3.8375
8.4375	 19.901	 3.84375
8.5	 19.8974	 3.85
8.5625	 19.8937	 3.85625
8.625	 19.89	 3.8625
8.6875	 19.8864	 3.86875
8.75	 19.8827	 3.875
8.8125	 19.879	 3.88125
8.875	 19.8753	 3.8875
8.9375	 19.8716	 3.89375
9	 19.8679	 3.9
9.0625	 19.8642	 3.90625
9.125	 19.8605	 3.9125
9.1875	 19.8568	 3.91875
9.25	 19.8531	 3.925
9.3125	 19.8493	 3.93125
9.375	 19.8456	 3.9375
9.4375	 19.8419	 3.94375
9.5	 19.8381	 3.95
9.5625	 19.8344	 3.95625
9.625	 19.8306	 3.9625
9.6875	 19.8269	 3.96875
9.75	 19.8231	 3.975
9.8125	 19.8194	 3.98125
9.875	 19.8156	 3.9875
9.9375	 19.8118	 3.99375
10	 19.808	 4
10.0625	 19.8278	 3.98438
10.125	 19.8475	 3.96875
10.1875	 19.8673	 3.95312
10.25	 19.8872	 3.9375
10.3125	 19.9071	 3.92188
10.375	 19.927	 3.90625
10.4375	 19.9471	 3.89062
10.5	 19.9671	 3.875
10.5625	 19.9872	 3.85938
10.625	 20.0074	 3.84375
10.6875	 20.0276	 3.82812
10.75	 20.0479	 3.8125
10.8125	 20.0682	 3.79688
10.875	 20.0886	 3.78125
10.9375	 20.1091	 3.76562
11	 20.1296	 3.75
11.0625	 20.1502	 3.73438
11.125	 20.1708	 3.71875
11.1875	 20.1915	 3.70312
11.25	 20.2123	 3.6875
11.3125	 20.2331	 3.67188
11.375	 20.254	 3.65625
11.4375	 20.275	 3.64062
11.5	 20.2961	 3.625
11.5625	 20.3172	 3.60938
11.625	 20.3384	 3.59375
11.6875	 20.3597	 3.57812
11.75	 20.381	 3.5625
11.8125	 20.4025	 3.54688
11.875	 20.424	 3.53125
11.9375	 20.4456	 3.51562
12	 20.4673	 3.5
12.0625	 20.4516	 3.51562
12.125	 20.436	 3.53125
12.1875	 20.4205	 3.54688
12.25	 20.405	 3.5625
12.3125	 20.3895	 3.57812
12.375	 20.3741	 3.59375
12.4375	 20.3587	 3.60938
12.5	 20.3434	 3.625
12.5625	 20.3281	 3.64062
12.625	 20.3128	 3.65625
12.6875	 20.2975	 3.67188
12.75	 20.2823	 3.6875
12.8125	 20.2672	 3.70312
12.875	 20.252	 3.71875
12.9375	 20.2369	 3.73438
13	 20.2219	 3.75
13.0625	 20.2068	 3.76562
13.125	 20.1918	 3.78125
13.1875	 20.1768	 3.79688
13.25	 20.1619	 3.8125
13.3125	 20.147	 3.82812
13.375	 20.1321	 3.84375
13.4375	 20.1173	 3.85938
13.5	 20.1024	 3.875
13.5625	 20.0877	 3.89062
13.625	 20.0729	 3.90625
13.6875	 20.0582	 3.92188
13.75	 20.0435	 3.9375
13.8125	 20.0288	 3.95312
13.875	 20.0141	 3.96875
13.9375	 19.9995	 3.98438
14	 19.9849	 4
14.0625	 20.0047	 3.98438
14.125	 20.0246	 3.96875
14.1875	 20.0445	 3.95312
14.25	 20.0645	 3.9375
14.3125	 20.0846	 3.92188
14.375	 20.1047	 3.90625
14.4375	 20.1248	 3.89062
14.5	 20.1451	 3.875
14.5625	 20.1653	 3.85938
14.625	 20.1857	 3.84375
14.6875	 20.2061	 3.82812
14.75	 20.2266	 3.8125
14.8125	 20.2471	 3.79688
14.875	 20.2677	 3.78125
14.9375	 20.2884	 3.76562
15	 20.3092	 3.75
15.0625	 20.33	 3.73438
15.125	 20.3509	 3.71875
15.1875	 20.3719	 3.70312
15.25	 20.3929	 3.6875
15.3125	 20.414	 3.67188
15.375	 20.4353	 3.65625
15.4375	 20.4566	 3.64062
15.5	 20.4779	 3.625
15.5625	 20.4994	 3.60938
15.625	 20.5209	 3.59375
15.6875	 20.5426	 3.57812
15.75	 20.5643	 3.5625
15.8125	 20.5861	 3.54688
15.875	 20.608	 3.53125
15.9375	 20.63	 3.51562
16	 20.6521	 3.5
16.0625	 20.597	 3.54688
16.125	 20.5424	 3.59375
16.1875	 20.4885	 3.64062
16.25	 20.4351	 3.6875
16.3125	 20.3823	 3.73438
16.375	 20.3299	 3.78125
16.4375	 20.2781	 3.82812
16.5	 20.2267	 3.875
16.5625	 20.1758	 3.92188
16.625	 20.1253	 3.96875
16.6875	 20.0753	 4.01562
16.75	 20.0256	 4.0625
16.8125	 19.9762	 4.10938
16.875	 19.9273	 4.15625
16.9375	 19.8786	 4.20312
17	 19.8303	 4.25
17.0625	 19.7823	 4.29688
17.125	 19.7346	 4.34375
17.1875	 19.6872	 4.39062
17.25	 19.6401	 4.4375
17.3125	 19.5932	 4.48438
17.375	 19.5465	 4.53125
17.4375	 19.5001	 4.57812
17.5	 19.454	 4.625
17.5625	 19.408	 4.67188
17.625	 19.3623	 4.71875
17.6875	 19.3167	 4.76562
17.75	 19.2714	 4.8125
17.8125	 19.2262	 4.85938
17.875	 19.1812	 4.90625
17.9375	 19.1363	 4.95312
18	 19.0917	 5
18.0625	 19.0782	 5.01562
18.125	 19.0647	 5.03125
18.1875	 19.0512	 5.04688
18.25	 19.0377	 5.0625
18.3125	 19.0243	 5.07812
18.375	 19.0108	 5.09375
18.4375	 18.9973	 5.10938
18.5	 18.9839	 5.125
18.5625	 18.9705	 5.14062
18.625	 18.9571	 5.15625
18.6875	 18.9436	 5.17188
18.75	 18.9302	 5.1875
18.8125	 18.9168	 5.20312
18.875	 18.9034	 5.21875
18.9375	 18.8901	 5.23438
19	 18.8767	 5.25
19.0625	 18.8633	 5.26562
19.125	 18.8499	 5.28125
19.1875	 18.8366	 5.29688
19.25	 18.8232	 5.3125
19.3125	 18.8099	 5.32812
19.375	 18.7965	 5.34375
19.4375	 18.7832	 5.35938
19.5	 18.7699	 5.375
19.5625	 18.7566	 5.39062
19.625	 18.7432	 5.40625
19.6875	 18.7299	 5.42188
19.75	 18.7166	 5.4375
19.8125	 18.7033	 5.45312
19.875	 18.69	 5.46875
19.9375	 18.6767	 5.48438
20	 18.6634	 5.5
20.0625	 18.6501	 5.51562
20.125	 18.6368	 5.53125
20.1875	 18.6236	 5.54688
20.25	 18.6103	 5.5625
20.3125	 18.597	 5.57812
20.375	 18.5837	 5.59375
20.4375	 18.5705	 5.60938
20.5	 18.5572	 5.625
20.5625	 18.5439	 5.64062
20.625	 18.5307	 5.65625
20.6875	 18.5174	 5.67188
20.75	 18.5042	 5.6875
20.8125	 18.4909	 5.70312
20.875	 18.4777	 5.71875
20.9375	 18.4644	 5.73438
21	 18.4512	 5.75
21.0625	 18.4379	 5.76562
21.125	 18.4247	 5.78125
21.1875	 18.4114	 5.79688
21.25	 18.3982	 5.8125
21.3125	 18.385	 5.82812
21.375	 18.3717	 5.84375
21.4375	 18.3585	 5.85938
21.5	 18.3452	 5.875
21.5625	 18.332	 5.89062
21.625	 18.3188	 5.90625
21.6875	 18.3055	 5.92188
21.75	 18.2923	 5.9375
21.8125	 18.2791	 5.95312
21.875	 18.2658	 5.96875
21.9375	 18.2526	 5.98438
22	 18.2393	 6
22.0625	 18.241	 6
22.125	 18.2427	 6
22.1875	 18.2444	 6
22.25	 18.2461	 6
22.3125	 18.2478	 6
22.375	 18.2495	 6
22.4375	 18.2512	 6
22.5	 18.2529	 6
22.5625	 18.2546	 6
22.625	 18.2562	 6
22.6875	 18.2579	 6
22.75	 18.2596	 6
22.8125	 18.2612	 6
22.875	 18.2629	 6
22.9375	 18.2645	 6
23	 18.2662	 6
23.0625	 18.2678	 6
23.125	 18.2695	 6
23.1875	 18.2711	 6
23.25	 18.2728	 6
23.3125	 18.2744	 6
23.375	 18.276	 6
23.4375	 18.2777	 6
23.5	 18.2793	 6
23.5625	 18.2809	 6
23.625	 18.2825	 6
23.6875	 18.2841	 6
23.75	 18.2857	 6
23.8125	 18.2874	 6
23.875	 18.289	 6
23.9375	 18.2906	 6
24	 18.2921	 6
24.0625	 18.3237	 5.96875
24.125	 18.3552	 5.9375
24.1875	 18.3868	 5.90625
24.25	 18.4184	 5.875
24.3125	 18.45	 5.84375
24.375	 18.4817	 5.8125
24.4375	 18.5133	 5.78125
24.5	 18.545	 5.75
24.5625	 18.5768	 5.71875
24.625	 18.6086	 5.6875
24.6875	 18.6404	 5.65625
24.75	 18.6723	 5.625
24.8125	 18.7042	 5.59375
24.875	 18.7361	 5.5625
24.9375	 18.7681	 5.53125
25	 18.8002	 5.5
25.0625	 18.8323	 5.46875
25.125	 18.8644	 5.4375
25.1875	 18.8966	 5.40625
25.25	 18.9289	 5.375
25.3125	 18.9613	 5.34375
25.375	 18.9937	 5.3125
25.4375	 19.0262	 5.28125
25.5	 19.0587	 5.25
25.5625	 19.0913	 5.21875
25.625	 19.1241	 5.1875
25.6875	 19.1568	 5.15625
25.75	 19.1897	 5.125
25.8125	 19.2227	 5.09375
25.875	 19.2557	 5.0625
25.9375	 19.2889	 5.03125
26	 19.3221	 5
26.0625	 19.3396	 4.98438
26.125	 19.3571	 4.96875
26.1875	 19.3746	 4.95312
26.25	 19.3921	 4.9375
26.3125	 19.4096	 4.92188
26.375	 19.4272	 4.90625
26.4375	 19.4448	 4.89062
26.5	 19.4625	 4.875
26.5625	 19.4801	 4.85938
26.625	 19.4978	 4.84375
26.6875	 19.5156	 4.82812
26.75	 19.5333	 4.8125
26.8125	 19.5511	 4.79688
26.875	 19.569	 4.78125
26.9375	 19.5868	 4.76562
27	 19.6047	 4.75
27.0625	 19.6226	 4.73438
27.125	 19.6406	 4.71875
27.1875	 19.6586	 4.70312
27.25	 19.6766	 4.6875
27.3125	 19.6947	 4.67188
27.375	 19.7128	 4.65625
27.4375	 19.7309	 4.64062
27.5	 19.7491	 4.625
27.5625	 19.7673	 4.60938
27.625	 19.7856	 4.59375
27.6875	 19.8039	 4.57812
27.75	 19.8222	 4.5625
27.8125	 19.8406	 4.54688
27.875	 19.859	 4.53125
27.9375	 19.8775	 4.51562
28	 19.896	 4.5
28.0625	 19.8806	 4.51562
28.125	 19.8653	 4.53125
28.1875	 19.85	 4.54688
28.25	 19.8347	 4.5625
28.3125	 19.8194	 4.57812
28.375	 19.8042	 4.59375
28.4375	 19.7889	 4.60938
28.5	 19.7738	 4.625
28.5625	 19.7586	 4.64062
28.625	 19.7435	 4.65625
28.6875	 19.7284	 4.67188
28.75	 19.7133	 4.6875
28.8125	 19.6982	 4.70312
28.875	 19.6832	 4.71875
28.9375	 19.6682	 4.73438
29	 19.6532	 4.75
29.0625	 19.6383	 4.76562
29.125	 19.6233	 4.78125
29.1875	 19.6084	 4.79688
29.25	 19.5935	 4.8125
29.3125	 19.5787	 4.82812
29.375	 19.5638	 4.84375
29.4375	 19.549	 4.85938
29.5	 19.5342	 4.875
29.5625	 19.5194	 4.89062
29.625	 19.5047	 4.90625
29.6875	 19.4899	 4.92188
29.75	 19.4752	 4.9375
29.8125	 19.4605	 4.95312
29.875	 19.4458	 4.96875
29.9375	 19.4312	 4.98438
30	 19.4165	 5
30.0625	 19.4243	 4.99375
30.125	 19.4321	 4.9875
30.1875	 19.4399	 4.98125
30.25	 19.4477	 4.975
30.3125	 19.4555	 4.96875
30.375	 19.4633	 4.9625
30.4375	 19.4711	 4.95625
30.5	 19.4789	 4.95
30.5625	 19.4867	 4.94375
30.625	 19.4945	 4.9375
30.6875	 19.5024	 4.93125
30.75	 19.5102	 4.925
30.8125	 19.518	 4.91875
30.875	 19.5258	 4.9125
30.9375	 19.5337	 4.90625
31	 19.5415	 4.9
31.0625	 19.5493	 4.89375
31.125	 19.5572	 4.8875
31.1875	 19.565	 4.88125
31.25	 19.5729	 4.875
31.3125	 19.5808	 4.86875
31.375	 19.5886	 4.8625
31.4375	 19.5965	 4.85625
31.5	 19.6043	 4.85
31.5625	 19.6122	 4.84375
31.625	 19.6201	 4.8375
31.6875	 19.628	 4.83125
31.75	 19.6359	 4.825
31.8125	 19.6438	 4.81875
31.875	 19.6517	 4.8125
31.9375	 19.6596	 4.80625
32	 19.6675	 4.8
32.0625	 19.6787	 4.79063
32.125	 19.6899	 4.78125
32.1875	 19.7011	 4.77187
32.25	 19.7124	 4.7625
32.3125	 19.7236	 4.75312
32.375	 19.7349	 4.74375
32.4375	 19.7462	 4.73438
32.5	 19.7575	 4.725
32.5625	 19.7688	 4.71562
32.625	 19.7801	 4.70625
32.6875	 19.7915	 4.69688
32.75	 19.8028	 4.6875
32.8125	 19.8142	 4.67812
32.875	 19.8256	 4.66875
32.9375	 19.837	 4.65938
33	 19.8484	 4.65
33.0625	 19.8598	 4.64062
33.125	 19.8713	 4.63125
33.1875	 19.8827	 4.62188
33.25	 19.8942	 4.6125
33.3125	 19.9057	 4.60313
33.375	 19.9172	 4.59375
33.4375	 19.9287	 4.58437
33.5	 19.9402	 4.575
33.5625	 19.9518	 4.56563
33.625	 19.9634	 4.55625
33.6875	 19.975	 4.54688
33.75	 19.9866	 4.5375
33.8125	 19.9982	 4.52812
33.875	 20.0098	 4.51875
33.9375	 20.0215	 4.50938
34	 20.0332	 4.5
34.0625	 20.0692	 4.46875
34.125	 20.1054	 4.4375
34.1875	 20.1419	 4.40625
34.25	 20.1785	 4.375
34.3125	 20.2154	 4.34375
34.375	 20.2525	 4.3125
34.4375	 20.2899	 4.28125
34.5	 20.3275	 4.25
34.5625	 20.3653	 4.21875
34.625	 20.4035	 4.1875
34.6875	 20.4419	 4.15625
34.75	 20.4805	 4.125
34.8125	 20.5195	 4.09375
34.875	 20.5588	 4.0625
34.9375	 20.5984	 4.03125
35	 20.6384	 4
35.0625	 20.6787	 3.96875
35.125	 20.7193	 3.9375
35.1875	 20.7603	 3.90625
35.25	 20.8017	 3.875
35.3125	 20.8436	 3.84375
35.375	 20.8858	 3.8125
35.4375	 20.9285	 3.78125
35.5	 20.9716	 3.75
35.5625	 21.0152	 3.71875
35.625	 21.0594	 3.6875
35.6875	 21.104	 3.65625
35.75	 21.1492	 3.625
35.8125	 21.195	 3.59375
35.875	 21.2414	 3.5625
35.9375	 21.2885	 3.53125
36	 21.3362	 3.5
36.0625	 21.3147	 3.51562
36.125	 21.2933	 3.53125
36.1875	 21.272	 3.54688
36.25	 21.2509	 3.5625
36.3125	 21.2299	 3.57812
36.375	 21.209	 3.59375
36.4375	 21.1882	 3.60938
36.5	 21.1676	 3.625
36.5625	 21.1471	 3.64062
36.625	 21.1267	 3.65625
36.6875	 21.1064	 3.67188
36.75	 21.0862	 3.6875
36.8125	 21.0661	 3.70312
36.875	 21.0462	 3.71875
36.9375	 21.0263	 3.73438
37	 21.0065	 3.75
37.0625	 20.9869	 3.76562
37.125	 20.9673	 3.78125
37.1875	 20.9478	 3.79688
37.25	 20.9284	 3.8125
37.3125	 20.9092	 3.82812
37.375	 20.89	 3.84375
37.4375	 20.8708	 3.85938
37.5	 20.8518	 3.875
37.5625	 20.8329	 3.89062
37.625	 20.814	 3.90625
37.6875	 20.7952	 3.92188
37.75	 20.7765	 3.9375
37.8125	 20.7579	 3.95312
37.875	 20.7394	 3.96875
37.9375	 20.7209	 3.98438
38	 20.7025	 4
38.0625	 20.6647	 4.03125
38.125	 20.6272	 4.0625
38.1875	 20.5899	 4.09375
38.25	 20.553	 4.125
38.3125	 20.5163	 4.15625
38.375	 20.4799	 4.1875
38.4375	 20.4438	 4.21875
38.5	 20.4079	 4.25
38.5625	 20.3723	 4.28125
38.625	 20.3369	 4.3125
38.6875	 20.3017	 4.34375
38.75	 20.2667	 4.375
38.8125	 20.232	 4.40625
38.875	 20.1974	 4.4375
38.9375	 20.1631	 4.46875
39	 20.1289	 4.5
39.0625	 20.095	 4.53125
39.125	 20.0612	 4.5625
39.1875	 20.0276	 4.59375
39.25	 19.9941	 4.625
39.3125	 19.9608	 4.65625
39.375	 19.9277	 4.6875
39.4375	 19.8948	 4.71875
39.5	 19.862	 4.75
39.5625	 19.8293	 4.78125
39.625	 19.7968	 4.8125
39.6875	 19.7644	 4.84375
39.75	 19.7321	 4.875
39.8125	 19.7	 4.90625
39.875	 19.668	 4.9375
39.9375	 19.6362	 4.96875
40	 19.6044	 5
40.0625	 19.5728	 5.03125
40.125	 19.5413	 5.0625
40.1875	 19.5098	 5.09375
40.25	 19.4785	 5.125
40.3125	 19.4473	 5.15625
40.375	 19.4162	 5.1875
40.4375	 19.3852	 5.21875
40.5	 19.3543	 5.25
40.5625	 19.3234	 5.28125
40.625	 19.2927	 5.3125
40.6875	 19.262	 5.34375
40.75	 19.2315	 5.375
40.8125	 19.201	 5.40625
40.875	 19.1706	 5.4375
40.9375	 19.1402	 5.46875
41	 19.1099	 5.5
41.0625	 19.0797	 5.53125
41.125	 19.0496	 5.5625
41.1875	 19.0195	 5.59375
41.25	 18.9895	 5.625
41.3125	 18.9596	 5.65625
41.375	 18.9297	 5.6875
41.4375	 18.8999	 5.71875
41.5	 18.8701	 5.75
41.5625	 18.8403	 5.78125
41.625	 18.8107	 5.8125
41.6875	 18.781	 5.84375
41.75	 18.7515	 5.875
41.8125	 18.7219	 5.90625
41.875	 18.6924	 5.9375
41.9375	 18.663	 5.96875
42	 18.6335	 6
42.0625	 18.6344	 6
42.125	 18.6352	 6
42.1875	 18.6361	 6
42.25	 18.6369	 6
42.3125	 18.6378	 6
42.375	 18.6386	 6
42.4375	 18.6395	 6
42.5	 18.6403	 6
42.5625	 18.6411	 6
42.625	 18.642	 6
42.6875	 18.6428	 6
42.75	 18.6436	 6
42.8125	 18.6445	 6
42.875	 18.6453	 6
42.9375	 18.6461	 6
43	 18.647	 6
43.0625	 18.6478	 6
43.125	 18.6486	 6
43.1875	 18.6494	 6
43.25	 18.6502	 6
43.3125	 18.6511	 6
43.375	 18.6519	 6
43.4375	 18.6527	 6
43.5	 18.6535	 6
43.5625	 18.6543	 6
43.625	 18.6551	 6
43.6875	 18.6559	 6
43.75	 18.6567	 6
43.8125	 18.6575	 6
43.875	 18.6583	 6
43.9375	 18.6591	 6
44	 18.6599	 6
44.0625	 18.6456	 6.01562
44.125	 18.6312	 6.03125
44.1875	 18.6169	 6.04688
44.25	 18.6026	 6.0625
44.3125	 18.5883	 6.07812
44.375	 18.574	 6.09375
44.4375	 18.5596	 6.10938
44.5	 18.5454	 6.125
44.5625	 18.5311	 6.14062
44.625	 18.5168	 6.15625
44.6875	 18.5025	 6.17188
44.75	 18.4882	 6.1875
44.8125	 18.4739	 6.20312
44.875	 18.4597	 6.21875
44.9375	 18.4454	 6.23438
45	 18.4312	 6.25
45.0625	 18.4169	 6.26562
45.125	 18.4027	 6.28125
45.1875	 18.3884	 6.29688
45.25	 18.3742	 6.3125
45.3125	 18.3599	 6.32812
45.375	 18.3457	 6.34375
45.4375	 18.3315	 6.35938
45.5	 18.3172	 6.375
45.5625	 18.303	 6.39062
45.625	 18.2888	 6.40625
45.6875	 18.2746	 6.42188
45.75	 18.2604	 6.4375
45.8125	 18.2462	 6.45312
45.875	 18.2319	 6.46875
45.9375	 18.2177	 6.48438
46	 18.2035	 6.5
46.0625	 18.1893	 6.51562
46.125	 18.1751	 6.53125
46.1875	 18.1609	 6.54688
46.25	 18.1467	 6.5625
46.3125	 18.1325	 6.57812
46.375	 18.1183	 6.59375
46.4375	 18.1041	 6.60938
46.5	 18.0899	 6.625
46.5625	 18.0757	 6.64062
46.625	 18.0614	 6.65625
46.6875	 18.0472	 6.67188
46.75	 18.033	 6.6875
46.8125	 18.0188	 6.70312
46.875	 18.0046	 6.71875
46.9375	 17.9904	 6.73438
47	 17.9762	 6.75
47.0625	 17.962	 6.76562
47.125	 17.9477	 6.78125
47.1875	 17.9335	 6.79688
47.25	 17.9193	 6.8125
47.3125	 17.9051	 6.82812
47.375	 17.8908	 6.84375
47.4375	 17.8766	 6.85938
47.5	 17.8624	 6.875
47.5625	 17.8481	 6.89062
47.625	 17.8339	 6.90625
47.6875	 17.8196	 6.92188
47.75	 17.8054	 6.9375
47.8125	 17.7912	 6.95312
47.875	 17.7769	 6.96875
47.9375	 17.7626	 6.98438
48	 17.7484	 7
48.0625	 17.764	 6.98438
48.125	 17.7796	 6.96875
48.1875	 17.7952	 6.95312
48.25	 17.8109	 6.9375
48.3125	 17.8265	 6.92188
48.375	 17.8421	 6.90625
48.4375	 17.8577	 6.89062
48.5	 17.8733	 6.875
48.5625	 17.8889	 6.85938
48.625	 17.9045	 6.84375
48.6875	 17.9201	 6.82812
48.75	 17.9357	 6.8125
48.8125	 17.9512	 6.79688
48.875	 17.9668	 6.78125
48.9375	 17.9824	 6.76562
49	 17.998	 6.75
49.0625	 18.0136	 6.73438
49.125	 18.0291	 6.71875
49.1875	 18.0447	 6.70312
49.25	 18.0603	 6.6875
49.3125	 18.0759	 6.67188
49.375	 18.0914	 6.65625
49.4375	 18.107	 6.64062
49.5	 18.1226	 6.625
49.5625	 18.1382	 6.60938
49.625	 18.1537	 6.59375
49.6875	 18.1693	 6.57812
49.75	 18.1849	 6.5625
49.8125	 18.2005	 6.54688
49.875	 18.2161	 6.53125
49.9375	 18.2316	 6.51562
50	 18.2472	 6.5
50.0625	 18.2389	 6.50938
50.125	 18.2306	 6.51875
50.1875	 18.2222	 6.52812
50.25	 18.2139	 6.5375
50.3125	 18.2055	 6.54688
50.375	 18.1972	 6.55625
50.4375	 18.1889	 6.56563
50.5	 18.1805	 6.575
50.5625	 18.1722	 6.58437
50.625	 18.1639	 6.59375
50.6875	 18.1555	 6.60313
50.75	 18.1472	 6.6125
50.8125	 18.1388	 6.62188
50.875	 18.1305	 6.63125
50.9375	 18.1222	 6.64062
51	 18.1138	 6.65
51.0625	 18.1055	 6.65938
51.125	 18.0971	 6.66875
51.1875	 18.0888	 6.67812
51.25	 18.0804	 6.6875
51.3125	 18.0721	 6.69688
51.375	 18.0637	 6.70625
51.4375	 18.0554	 6.71562
51.5	 18.047	 6.725
51.5625	 18.0387	 6.73438
51.625	 18.0303	 6.74375
51.6875	 18.022	 6.75312
51.75	 18.0136	 6.7625
51.8125	 18.0053	 6.77187
51.875	 17.9969	 6.78125
51.9375	 17.9885	 6.79063
52	 17.9802	 6.8
52.0625	 18.0046	 6.775
52.125	 18.0291	 6.75
52.1875	 18.0536	 6.725
52.25	 18.078	 6.7
52.3125	 18.1025	 6.675
52.375	 18.127	 6.65
52.4375	 18.1514	 6.625
52.5	 18.1759	 6.6
52.5625	 18.2004	 6.575
52.625	 18.2249	 6.55
52.6875	 18.2494	 6.525
52.75	 18.2739	 6.5
52.8125	 18.2984	 6.475
52.875	 18.3229	 6.45
52.9375	 18.3475	 6.425
53	 18.372	 6.4
53.0625	 18.3966	 6.375
53.125	 18.4212	 6.35
53.1875	 18.4458	 6.325
53.25	 18.4704	 6.3
53.3125	 18.495	 6.275
53.375	 18.5197	 6.25
53.4375	 18.5444	 6.225
53.5	 18.5691	 6.2
53.5625	 18.5938	 6.175
53.625	 18.6185	 6.15
53.6875	 18.6433	 6.125
53.75	 18.6681	 6.1
53.8125	 18.6929	 6.075
53.875	 18.7178	 6.05
53.9375	 18.7426	 6.025
54	 18.7676	 6
54.0625	 18.7559	 6.0125
54.125	 18.7443	 6.025
54.1875	 18.7327	 6.0375
54.25	 18.7211	 6.05
54.3125	 18.7095	 6.0625
54.375	 18.6979	 6.075
54.4375	 18.6864	 6.0875
54.5	 18.6748	 6.1
54.5625	 18.6632	 6.1125
54.625	 18.6516	 6.125
54.6875	 18.6401	 6.1375
54.75	 18.6285	 6.15
54.8125	 18.617	 6.1625
54.875	 18.6054	 6.175
54.9375	 18.5939	 6.1875
55	 18.5823	 6.2
55.0625	 18.5708	 6.2125
55.125	 18.5593	 6.225
55.1875	 18.5477	 6.2375
55.25	 18.5362	 6.25
55.3125	 18.5247	 6.2625
55.375	 18.5132	 6.275
55.4375	 18.5017	 6.2875
55.5	 18.4902	 6.3
55.5625	 18.4786	 6.3125
55.625	 18.4671	 6.325
55.6875	 18.4556	 6.3375
55.75	 18.4441	 6.35
55.8125	 18.4326	 6.3625
55.875	 18.4212	 6.375
55.9375	 18.4097	 6.3875
56	 18.3982	 6.4
56.0625	 18.4407	 6.35625
56.125	 18.4833	 6.3125
56.1875	 18.526	 6.26875
56.25	 18.5687	 6.225
56.3125	 18.6115	 6.18125
56.375	 18.6544	 6.1375
56.4375	 18.6973	 6.09375
56.5	 18.7404	 6.05
56.5625	 18.7835	 6.00625
56.625	 18.8268	 5.9625
56.6875	 18.8701	 5.91875
56.75	 18.9136	 5.875
56.8125	 18.9571	 5.83125
56.875	 19.0008	 5.7875
56.9375	 19.0447	 5.74375
57	 19.0887	 5.7
57.0625	 19.1328	 5.65625
57.125	 19.1771	 5.6125
57.1875	 19.2215	 5.56875
57.25	 19.2661	 5.525
57.3125	 19.3109	 5.48125
57.375	 19.3559	 5.4375
57.4375	 19.4011	 5.39375
57.5	 19.4465	 5.35
57.5625	 19.4921	 5.30625
57.625	 19.5379	 5.2625
57.6875	 19.5839	 5.21875
57.75	 19.6302	 5.175
57.8125	 19.6768	 5.13125
57.875	 19.7236	 5.0875
57.9375	 19.7707	 5.04375
58	 19.8181	 5
58.0625	 19.7851	 5.03125
58.125	 19.7523	 5.0625
58.1875	 19.7196	 5.09375
58.25	 19.6871	 5.125
58.3125	 19.6547	 5.15625
58.375	 19.6224	 5.1875
58.4375	 19.5902	 5.21875
58.5	 19.5581	 5.25
58.5625	 19.5262	 5.28125
58.625	 19.4944	 5.3125
58.6875	 19.4627	 5.34375
58.75	 19.431	 5.375
58.8125	 19.3995	 5.40625
58.875	 19.3681	 5.4375
58.9375	 19.3368	 5.46875
59	 19.3056	 5.5
59.0625	 19.2744	 5.53125
59.125	 19.2434	 5.5625
59.1875	 19.2124	 5.59375
59.25	 19.1815	 5.625
59.3125	 19.1507	 5.65625
59.375	 19.12	 5.6875
59.4375	 19.0893	 5.71875
59.5	 19.0587	 5.75
59.5625	 19.0282	 5.78125
59.625	 18.9978	 5.8125
59.6875	 18.9674	 5.84375
59.75	 18.937	 5.875
59.8125	 18.9068	 5.90625
59.875	 18.8765	 5.9375
59.9375	 18.8464	 5.96875
60	 18.8163	 6
60.0625	 18.8626	 5.95312
60.125	 18.9091	 5.90625
60.1875	 18.9556	 5.85938
60.25	 19.0024	 5.8125
60.3125	 19.0493	 5.76562
60.375	 19.0963	 5.71875
60.4375	 19.1435	 5.67188
60.5	 19.1909	 5.625
60.5625	 19.2385	 5.57812
60.625	 19.2863	 5.53125
60.6875	 19.3343	 5.48438
60.75	 19.3825	 5.4375
60.8125	 19.431	 5.39062
60.875	 19.4796	 5.34375
60.9375	 19.5286	 5.29688
61	 19.5778	 5.25
61.0625	 19.6273	 5.20312
61.125	 19.677	 5.15625
61.1875	 19.7271	 5.10938
61.25	 19.7775	 5.0625
61.3125	 19.8283	 5.01562
61.375	 19.8793	 4.96875
61.4375	 19.9308	 4.92188
61.5	 19.9826	 4.875
61.5625	 20.0349	 4.82812
61.625	 20.0876	 4.78125
61.6875	 20.1407	 4.73438
61.75	 20.1942	 4.6875
61.8125	 20.2483	 4.64062
61.875	 20.3029	 4.59375
61.9375	 20.358	 4.54688
62	 20.4137	 4.5
62.0625	 20.3664	 4.54063
62.125	 20.3194	 4.58125
62.1875	 20.2729	 4.62187
62.25	 20.2267	 4.6625
62.3125	 20.1809	 4.70312
62.375	 20.1355	 4.74375
62.4375	 20.0904	 4.78438
62.5	 20.0456	 4.825
62.5625	 20.0011	 4.86562
62.625	 19.9569	 4.90625
62.6875	 19.913	 4.94688
62.75	 19.8694	 4.9875
62.8125	 19.826	 5.02813
62.875	 19.7829	 5.06875
62.9375	 19.74	 5.10938
63	 19.6974	 5.15
63.0625	 19.655	 5.19063
63.125	 19.6128	 5.23125
63.1875	 19.5708	 5.27187
63.25	 19.529	 5.3125
63.3125	 19.4874	 5.35313
63.375	 19.446	 5.39375
63.4375	 19.4048	 5.43437
63.5	 19.3637	 5.475
63.5625	 19.3228	 5.51562
63.625	 19.2821	 5.55625
63.6875	 19.2415	 5.59687
63.75	 19.201	 5.6375
63.8125	 19.1607	 5.67812
63.875	 19.1205	 5.71875
63.9375	 19.0804	 5.75938
64	 19.0405	 5.8
64.0625	 19.0316	 5.80937
64.125	 19.0227	 5.81875
64.1875	 19.0139	 5.82812
64.25	 19.005	 5.8375
64.3125	 18.9961	 5.84688
64.375	 18.9872	 5.85625
64.4375	 18.9784	 5.86562
64.5	 18.9695	 5.875
64.5625	 18.9607	 5.88438
64.625	 18.9518	 5.89375
64.6875	 18.943	 5.90312
64.75	 18.9341	 5.9125
64.8125	 18.9253	 5.92188
64.875	 18.9165	 5.93125
64.9375	 18.9076	 5.94062
65	 18.8988	 5.95
65.0625	 18.89	 5.95937
65.125	 18.8812	 5.96875
65.1875	 18.8724	 5.97812
65.25	 18.8636	 5.9875
65.3125	 18.8548	 5.99687
65.375	 18.846	 6.00625
65.4375	 18.8372	 6.01562
65.5	 18.8284	 6.025
65.5625	 18.8196	 6.03437
65.625	 18.8108	 6.04375
65.6875	 18.802	 6.05312
65.75	 18.7932	 6.0625
65.8125	 18.7844	 6.07188
65.875	 18.7757	 6.08125
65.9375	 18.7669	 6.09062
66	 18.7581	 6.1
66.0625	 18.7555	 6.10312
66.125	 18.7528	 6.10625
66.1875	 18.7501	 6.10938
66.25	 18.7474	 6.1125
66.3125	 18.7448	 6.11562
66.375	 18.7421	 6.11875
66.4375	 18.7394	 6.12188
66.5	 18.7367	 6.125
66.5625	 18.734	 6.12812
66.625	 18.7314	 6.13125
66.6875	 18.7287	 6.13438
66.75	 18.726	 6.1375
66.8125	 18.7233	 6.14062
66.875	 18.7206	 6.14375
66.9375	 18.718	 6.14688
67	 18.7153	 6.15
67.0625	 18.7126	 6.15313
67.125	 18.7099	 6.15625
67.1875	 18.7072	 6.15938
67.25	 18.7045	 6.1625
67.3125	 18.7019	 6.16563
67.375	 18.6992	 6.16875
67.4375	 18.6965	 6.17188
67.5	 18.6938	 6.175
67.5625	 18.6911	 6.17813
67.625	 18.6884	 6.18125
67.6875	 18.6857	 6.18438
67.75	 18.6831	 6.1875
67.8125	 18.6804	 6.19062
67.875	 18.6777	 6.19375
67.9375	 18.675	 6.19688
68	 18.6723	 6.2
68.0625	 18.6666	 6.20625
68.125	 18.6609	 6.2125
68.1875	 18.6551	 6.21875
68.25	 18.6494	 6.225
68.3125	 18.6437	 6.23125
68.375	 18.638	 6.2375
68.4375	 18.6323	 6.24375
68.5	 18.6266	 6.25
68.5625	 18.6208	 6.25625
68.625	 18.6151	 6.2625
68.6875	 18.6094	 6.26875
68.75	 18.6037	 6.275
68.8125	 18.598	 6.28125
68.875	 18.5923	 6.2875
68.9375	 18.5866	 6.29375
69	 18.5809	 6.3
69.0625	 18.5752	 6.30625
69.125	 18.5694	 6.3125
69.1875	 18.5637	 6.31875
69.25	 18.558	 6.325
69.3125	 18.5523	 6.33125
69.375	 18.5466	 6.3375
69.4375	 18.5409	 6.34375
69.5	 18.5352	 6.35
69.5625	 18.5295	 6.35625
69.625	 18.5238	 6.3625
69.6875	 18.5181	 6.36875
69.75	 18.5124	 6.375
69.8125	 18.5067	 6.38125
69.875	 18.501	 6.3875
69.9375	 18.4953	 6.39375
70	 18.4896	 6.4
70.0625	 18.4869	 6.40313
70.125	 18.4842	 6.40625
70.1875	 18.4815	 6.40938
70.25	 18.4788	 6.4125
70.3125	 18.4761	 6.41563
70.375	 18.4734	 6.41875
70.4375	 18.4707	 6.42188
70.5	 18.468	 6.425
70.5625	 18.4653	 6.42813
70.625	 18.4626	 6.43125
70.6875	 18.4599	 6.43438
70.75	 18.4572	 6.4375
70.8125	 18.4545	 6.44062
70.875	 18.4518	 6.44375
70.9375	 18.4491	 6.44688
71	 18.4464	 6.45
71.0625	 18.4437	 6.45312
71.125	 18.441	 6.45625
71.1875	 18.4383	 6.45938
71.25	 18.4356	 6.4625
71.3125	 18.4329	 6.46563
71.375	 18.4302	 6.46875
71.4375	 18.4275	 6.47187
71.5	 18.4248	 6.475
71.5625	 18.4221	 6.47812
71.625	 18.4194	 6.48125
71.6875	 18.4167	 6.48438
71.75	 18.414	 6.4875
71.8125	 18.4113	 6.49062
71.875	 18.4086	 6.49375
71.9375	 18.4059	 6.49688
72	 18.4032	 6.5
72.0625	 18.4125	 6.49062
72.125	 18.4218	 6.48125
72.1875	 18.4311	 6.47188
72.25	 18.4404	 6.4625
72.3125	 18.4497	 6.45312
72.375	 18.459	 6.44375
72.4375	 18.4683	 6.43437
72.5	 18.4776	 6.425
72.5625	 18.4869	 6.41563
72.625	 18.4962	 6.40625
72.6875	 18.5056	 6.39687
72.75	 18.5149	 6.3875
72.8125	 18.5242	 6.37812
72.875	 18.5335	 6.36875
72.9375	 18.5428	 6.35938
73	 18.5522	 6.35
73.0625	 18.5615	 6.34062
73.125	 18.5708	 6.33125
73.1875	 18.5802	 6.32188
73.25	 18.5895	 6.3125
73.3125	 18.5989	 6.30312
73.375	 18.6082	 6.29375
73.4375	 18.6176	 6.28438
73.5	 18.6269	 6.275
73.5625	 18.6363	 6.26562
73.625	 18.6456	 6.25625
73.6875	 18.655	 6.24688
73.75	 18.6644	 6.2375
73.8125	 18.6737	 6.22813
73.875	 18.6831	 6.21875
73.9375	 18.6925	 6.20937
74	 18.7019	 6.2
74.0625	 18.7143	 6.1875
74.125	 18.7267	 6.175
74.1875	 18.7392	 6.1625
74.25	 18.7516	 6.15
74.3125	 18.764	 6.1375
74.375	 18.7765	 6.125
74.4375	 18.789	 6.1125
74.5	 18.8014	 6.1
74.5625	 18.8139	 6.0875
74.625	 18.8264	 6.075
74.6875	 18.8389	 6.0625
74.75	 18.8514	 6.05
74.8125	 18.8639	 6.0375
74.875	 18.8765	 6.025
74.9375	 18.889	 6.0125
75	 18.9015	 6
75.0625	 18.9141	 5.9875
75.125	 18.9266	 5.975
75.1875	 18.9392	 5.9625
75.25	 18.9518	 5.95
75.3125	 18.9644	 5.9375
75.375	 18.977	 5.925
75.4375	 18.9896	 5.9125
75.5	 19.0022	 5.9
75.5625	 19.0149	 5.8875
75.625	 19.0275	 5.875
75.6875	 19.0402	 5.8625
75.75	 19.0528	 5.85
75.8125	 19.0655	 5.8375
75.875	 19.0782	 5.825
75.9375	 19.0909	 5.8125
76	 19.1036	 5.8
76.0625	 19.0945	 5.80937
76.125	 19.0855	 5.81875
76.1875	 19.0764	 5.82812
76.25	 19.0673	 5.8375
76.3125	 19.0583	 5.84688
76.375	 19.0492	 5.85625
76.4375	 19.0402	 5.86562
76.5	 19.0312	 5.875
76.5625	 19.0221	 5.88438
76.625	 19.0131	 5.89375
76.6875	 19.0041	 5.90312
76.75	 18.9951	 5.9125
76.8125	 18.9861	 5.92188
76.875	 18.9771	 5.93125
76.9375	 18.9681	 5.94062
77	 18.9591	 5.95
77.0625	 18.9501	 5.95937
77.125	 18.9411	 5.96875
77.1875	 18.9322	 5.97812
77.25	 18.9232	 5.9875
77.3125	 18.9142	 5.99687
77.375	 18.9052	 6.00625
77.4375	 18.8963	 6.01562
77.5	 18.8873	 6.025
77.5625	 18.8784	 6.03437
77.625	 18.8694	 6.04375
77.6875	 18.8605	 6.05312
77.75	 18.8516	 6.0625
77.8125	 18.8426	 6.07188
77.875	 18.8337	 6.08125
77.9375	 18.8248	 6.09062
78	 18.8158	 6.1
78.0625	 18.813	 6.10312
78.125	 18.8102	 6.10625
78.1875	 18.8074	 6.10938
78.25	 18.8046	 6.1125
78.3125	 18.8018	 6.11562
78.375	 18.799	 6.11875
78.4375	 18.7962	 6.12188
78.5	 18.7933	 6.125
78.5625	 18.7905	 6.12812
78.625	 18.7877	 6.13125
78.6875	 18.7849	 6.13438
78.75	 18.7821	 6.1375
78.8125	 18.7793	 6.14062
78.875	 18.7765	 6.14375
78.9375	 18.7737	 6.14688
79	 18.7708	 6.15
79.0625	 18.768	 6.15313
79.125	 18.7652	 6.15625
79.1875	 18.7624	 6.15938
79.25	 18.7596	 6.1625
79.3125	 18.7568	 6.16563
79.375	 18.754	 6.16875
79.4375	 18.7511	 6.17188
79.5	 18.7483	 6.175
79.5625	 18.7455	 6.17813
79.625	 18.7427	 6.18125
79.6875	 18.7399	 6.18438
79.75	 18.7371	 6.1875
79.8125	 18.7343	 6.19062
79.875	 18.7315	 6.19375
79.9375	 18.7286	 6.19688
80	 18.7258	 6.2
80.0625	 18.7321	 6.19375
80.125	 18.7384	 6.1875
80.1875	 18.7447	 6.18125
80.25	 18.751	 6.175
80.3125	 18.7573	 6.16875
80.375	 18.7637	 6.1625
80.4375	 18.77	 6.15625
80.5	 18.7763	 6.15
80.5625	 18.7826	 6.14375
80.625	 18.7889	 6.1375
80.6875	 18.7952	 6.13125
80.75	 18.8016	 6.125
80.8125	 18.8079	 6.11875
80.875	 18.8142	 6.1125
80.9375	 18.8205	 6.10625
81	 18.8269	 6.1
81.0625	 18.8332	 6.09375
81.125	 18.8395	 6.0875
81.1875	 18.8459	 6.08125
81.25	 18.8522	 6.075
81.3125	 18.8585	 6.06875
81.375	 18.8649	 6.0625
81.4375	 18.8712	 6.05625
81.5	 18.8775	 6.05
81.5625	 18.8839	 6.04375
81.625	 18.8902	 6.0375
81.6875	 18.8966	 6.03125
81.75	 18.9029	 6.025
81.8125	 18.9093	 6.01875
81.875	 18.9156	 6.0125
81.9375	 18.922	 6.00625
82	 18.9284	 6
82.0625	 18.9255	 6.00312
82.125	 18.9226	 6.00625
82.1875	 18.9198	 6.00938
82.25	 18.9169	 6.0125
82.3125	 18.9141	 6.01562
82.375	 18.9112	 6.01875
82.4375	 18.9083	 6.02188
82.5	 18.9055	 6.025
82.5625	 18.9026	 6.02813
82.625	 18.8997	 6.03125
82.6875	 18.8969	 6.03437
82.75	 18.894	 6.0375
82.8125	 18.8912	 6.04062
82.875	 18.8883	 6.04375
82.9375	 18.8854	 6.04688
83	 18.8826	 6.05
83.0625	 18.8797	 6.05312
83.125	 18.8768	 6.05625
83.1875	 18.874	 6.05938
83.25	 18.8711	 6.0625
83.3125	 18.8683	 6.06562
83.375	 18.8654	 6.06875
83.4375	 18.8625	 6.07187
83.5	 18.8597	 6.075
83.5625	 18.8568	 6.07812
83.625	 18.8539	 6.08125
83.6875	 18.8511	 6.08437
83.75	 18.8482	 6.0875
83.8125	 18.8454	 6.09062
83.875	 18.8425	 6.09375
83.9375	 18.8396	 6.09687
84	 18.8368	 6.1
84.0625	 18.8461	 6.09062
84.125	 18.8555	 6.08125
84.1875	 18.8649	 6.07188
84.25	 18.8743	 6.0625
84.3125	 18.8837	 6.05312
84.375	 18.8931	 6.04375
84.4375	 18.9025	 6.03437
84.5	 18.9119	 6.025
84.5625	 18.9213	 6.01562
84.625	 18.9307	 6.00625
84.6875	 18.9401	 5.99687
84.75	 18.9495	 5.9875
84.8125	 18.959	 5.97812
84.875	 18.9684	 5.96875
84.9375	 18.9779	 5.95937
85	 18.9873	 5.95
85.0625	 18.9968	 5.94062
85.125	 19.0062	 5.93125
85.1875	 19.0157	 5.92188
85.25	 19.0251	 5.9125
85.3125	 19.0346	 5.90312
85.375	 19.0441	 5.89375
85.4375	 19.0536	 5.88438
85.5	 19.0631	 5.875
85.5625	 19.0726	 5.86562
85.625	 19.0821	 5.85625
85.6875	 19.0916	 5.84688
85.75	 19.1011	 5.8375
85.8125	 19.1107	 5.82812
85.875	 19.1202	 5.81875
85.9375	 19.1298	 5.80937
85.9375	 19.1298	 5.80937
